,Depth (m),Transit Time (micron/sec),Porosity (V/V)
count,474.0,474.0,474.0
mean,1911.5643183544305,229.32726020675105,0.14083057130020316
std,40.95993163010939,21.30891049993211,0.06558620005989459
min,1842.93,178.909434,0.001
25%,1875.96155,208.8361175,0.07750406635802468
50%,1908.7161,235.125463,0.1586440216049382
75%,1948.39545,245.9543535,0.1920665231481481
max,1981.15,264.238585,0.24849933641975305
