,Depth (m),Transit Time (micron/sec),Porosity (V/V)
count,410.0,410.0,410.0
mean,2334.6483702439023,231.8805385365854,0.14866136174345074
std,16.530415054832396,22.11676515634848,0.06818784162594489
min,2308.83,179.726306,0.001
25%,2320.481175,206.6426745,0.07073418055555551
50%,2332.13235,240.25100350000002,0.17446359104938275
75%,2348.341425,248.75250675,0.20070279861111107
max,2365.69,264.391755,0.24897208333333334
