,Depth (m),Transit Time (micron/sec),Porosity (V/V)
count,402.0,402.0,402.0
mean,2035.5818917910449,248.20256688308461,0.19900545334285358
std,8.934599773494382,11.813402770854559,0.036461119663131356
min,2017.79,215.666302,0.09858488271604933
25%,2028.637525,238.78342125,0.1699340162037037
50%,2035.46615,250.807704,0.207046
75%,2042.68645,258.5486625,0.23093784722222221
max,2051.78,264.650728,0.24977138271604937
