,Depth (m),Transit Time (micron/sec),Porosity (V/V)
count,404.0,404.0,404.0
mean,2308.5747871287126,237.25494499752475,0.16799924855610557
std,25.508682042688335,22.610764843950392,0.06180507485743166
min,2267.74,161.83906,0.001
25%,2288.3590249999997,227.32266525,0.13456131250000003
50%,2305.2826,240.8209825,0.17622278549382717
75%,2332.4527,254.59047625,0.21872122299382712
max,2351.56,264.682875,0.2498706018518519
