Well,Perf,Fluid,Initial Pressure (bars),Initial Temperature (DegC),Permeability (mD)
 E02 , 2146 to 2224 , brine ,      207.362 ,      346.643 ,751.4435208017438
 E04 , 2040 to 2210 , brine ,      208.488 ,      358.424 ,646.3279752864199
 E06 , 1968 to 2045 , brine ,      211.775 ,      347.082 ,515.0231727105154
 P01 , 2267 to 2351 , brine ,      210.037 ,      352.399 ,732.4762376074779
