,Depth (m),Transit Time (micron/sec),Porosity (V/V)
count,65.0,65.0,65.0
mean,2336.2634000000003,200.88455736923078,0.4325647521842355
std,18.10916954884322,13.402977067004075,0.012982018618852398
min,2313.274,179.726306,0.3818713148148148
25%,2316.1227,193.025555,0.42246976234567907
50%,2349.5094,198.470598,0.43609966358024693
75%,2351.3326,203.482389,0.44292042901234563
max,2357.3718,265.934574,0.449780475308642
