,Depth (m),Transit Time (micron/sec),Porosity (V/V)
count,475.0,475.0,475.0
mean,2132.1700543157895,241.5805140989474,0.17856701882391163
std,62.40054518208568,11.560035297684532,0.0356791212891498
min,2027.99,205.50339,0.06721787037037034
25%,2078.14,236.370744,0.16248748148148148
50%,2128.2899,243.40954,0.1842121604938271
75%,2189.02,249.13082500000002,0.20187044753086414
max,2239.17,264.375013,0.24892041049382718
