,Depth (m),Transit Time (micron/sec),Porosity (V/V)
count,81.0,81.0,81.0
mean,1901.5022592592595,196.2336720740741,0.4275434357567444
std,26.630600691712612,8.071017261727603,0.017652360027039068
min,1854.0098,178.909434,0.3793501049382716
25%,1904.6997,190.803157,0.41320315740740743
50%,1911.0705,197.069939,0.4324731296296297
75%,1916.8874,200.7442,0.44161796296296296
max,1933.507,239.004927,0.449287274691358
