,Depth (m),Transit Time (micron/sec),Porosity (V/V)
count,17.0,17.0,17.0
mean,2001.6270764705885,204.30630005882352,0.44013053776325345
std,2.5876767146248993,16.51214151680668,0.007465064893042827
min,1997.0991,192.052272,0.4199144197530864
25%,1999.8239,196.966776,0.4350826419753087
50%,2001.8675,200.179563,0.44229845370370374
75%,2003.5705,204.45254,0.4450599228395062
max,2005.2735,266.310138,0.4497855401234568
