,Depth (m),Transit Time (micron/sec),Porosity (V/V)
count,448.0,448.0,448.0
mean,2061.6688526785715,232.899975484375,0.15177523297646606
std,49.97599380156703,16.018529769826895,0.049439906696996584
min,1974.96,192.052272,0.02570207407407401
25%,2017.79065,222.4031465,0.11937761265432104
50%,2059.9399999999996,233.3847965,0.15327159413580246
75%,2106.85785,241.697096,0.17892683950617277
max,2144.92,264.395927,0.24898495987654307
