,Depth (m),Transit Time (micron/sec),Porosity (V/V)
count,27.0,27.0,27.0
mean,2302.8469740740743,173.36354559259257,0.35357413580246927
std,1.3332716171400314,15.772549371938771,0.012528960241604686
min,2300.6633,161.83906,0.32666376543209874
25%,2301.7551000000003,167.91341799999998,0.3454117839506173
50%,2302.847,170.233119,0.3525713549382716
75%,2303.9388,173.6935895,0.36325181944444446
max,2305.0307,249.701565,0.3808422098765432
